Pais,Provincias,Departamento,Id_Departamento
REPÚBLICA ARGENTINA,BUENOS AIRES,25 DE MAYO,1
REPÚBLICA ARGENTINA,BUENOS AIRES,9 DE JULIO,2
REPÚBLICA ARGENTINA,BUENOS AIRES,ADOLFO ALSINA,3
REPÚBLICA ARGENTINA,BUENOS AIRES,ADOLFO GONZALES CHAVES,4
REPÚBLICA ARGENTINA,BUENOS AIRES,ALBERTI,5
REPÚBLICA ARGENTINA,BUENOS AIRES,ALMIRANTE BROWN,6
REPÚBLICA ARGENTINA,BUENOS AIRES,ARRECIFES,7
REPÚBLICA ARGENTINA,BUENOS AIRES,AVELLANEDA,8
REPÚBLICA ARGENTINA,BUENOS AIRES,AYACUCHO,9
REPÚBLICA ARGENTINA,BUENOS AIRES,AZUL,10
REPÚBLICA ARGENTINA,BUENOS AIRES,BAHIA BLANCA,11
REPÚBLICA ARGENTINA,BUENOS AIRES,BALCARCE,12
REPÚBLICA ARGENTINA,BUENOS AIRES,BARADERO,13
REPÚBLICA ARGENTINA,BUENOS AIRES,BENITO JUAREZ,14
REPÚBLICA ARGENTINA,BUENOS AIRES,BERAZATEGUI,15
REPÚBLICA ARGENTINA,BUENOS AIRES,BERISSO,16
REPÚBLICA ARGENTINA,BUENOS AIRES,BOLIVAR,17
REPÚBLICA ARGENTINA,BUENOS AIRES,BRAGADO,18
REPÚBLICA ARGENTINA,BUENOS AIRES,BRANDSEN,19
REPÚBLICA ARGENTINA,BUENOS AIRES,CAMPANA,20
REPÚBLICA ARGENTINA,BUENOS AIRES,CANUELAS,21
REPÚBLICA ARGENTINA,BUENOS AIRES,CAPITAN SARMIENTO,22
REPÚBLICA ARGENTINA,BUENOS AIRES,CARLOS CASARES,23
REPÚBLICA ARGENTINA,BUENOS AIRES,CARLOS TEJEDOR,24
REPÚBLICA ARGENTINA,BUENOS AIRES,CARMEN DE ARECO,25
REPÚBLICA ARGENTINA,BUENOS AIRES,CASTELLI,26
REPÚBLICA ARGENTINA,BUENOS AIRES,CHACABUCO,27
REPÚBLICA ARGENTINA,BUENOS AIRES,CHASCOMUS,28
REPÚBLICA ARGENTINA,BUENOS AIRES,CHIVILCOY,29
REPÚBLICA ARGENTINA,BUENOS AIRES,COLON,30
REPÚBLICA ARGENTINA,BUENOS AIRES,CORONEL DE MARINA L ROSALES,31
REPÚBLICA ARGENTINA,BUENOS AIRES,CORONEL DORREGO,32
REPÚBLICA ARGENTINA,BUENOS AIRES,CORONEL PRINGLES,33
REPÚBLICA ARGENTINA,BUENOS AIRES,CORONEL SUAREZ,34
REPÚBLICA ARGENTINA,BUENOS AIRES,DAIREAUX,35
REPÚBLICA ARGENTINA,BUENOS AIRES,DOLORES,36
REPÚBLICA ARGENTINA,BUENOS AIRES,ESCOBAR,37
REPÚBLICA ARGENTINA,BUENOS AIRES,ESTEBAN ECHEVERRIA,38
REPÚBLICA ARGENTINA,BUENOS AIRES,EXALTACION DE LA CRUZ,39
REPÚBLICA ARGENTINA,BUENOS AIRES,FLORENCIO VARELA,40
REPÚBLICA ARGENTINA,BUENOS AIRES,FLORENTINO AMEGHINO,41
REPÚBLICA ARGENTINA,BUENOS AIRES,GENERAL ALVARADO,42
REPÚBLICA ARGENTINA,BUENOS AIRES,GENERAL ALVEAR,43
REPÚBLICA ARGENTINA,BUENOS AIRES,GENERAL ARENALES,44
REPÚBLICA ARGENTINA,BUENOS AIRES,GENERAL BELGRANO,45
REPÚBLICA ARGENTINA,BUENOS AIRES,GENERAL GUIDO,46
REPÚBLICA ARGENTINA,BUENOS AIRES,GENERAL JUAN MADARIAGA,47
REPÚBLICA ARGENTINA,BUENOS AIRES,GENERAL LA MADRID,48
REPÚBLICA ARGENTINA,BUENOS AIRES,GENERAL LAS HERAS,49
REPÚBLICA ARGENTINA,BUENOS AIRES,GENERAL LAVALLE,50
REPÚBLICA ARGENTINA,BUENOS AIRES,GENERAL PAZ,51
REPÚBLICA ARGENTINA,BUENOS AIRES,GENERAL PINTO,52
REPÚBLICA ARGENTINA,BUENOS AIRES,GENERAL PUEYRREDON,53
REPÚBLICA ARGENTINA,BUENOS AIRES,GENERAL RODRIGUEZ,54
REPÚBLICA ARGENTINA,BUENOS AIRES,GENERAL SAN MARTIN,55
REPÚBLICA ARGENTINA,BUENOS AIRES,GENERAL VIAMONTE,56
REPÚBLICA ARGENTINA,BUENOS AIRES,GENERAL VILLEGAS,57
REPÚBLICA ARGENTINA,BUENOS AIRES,GUAMINI,58
REPÚBLICA ARGENTINA,BUENOS AIRES,HIPOLITO YRIGOYEN,59
REPÚBLICA ARGENTINA,BUENOS AIRES,JUNIN,60
REPÚBLICA ARGENTINA,BUENOS AIRES,LA MATANZA,61
REPÚBLICA ARGENTINA,BUENOS AIRES,LA PLATA,62
REPÚBLICA ARGENTINA,BUENOS AIRES,LANUS,63
REPÚBLICA ARGENTINA,BUENOS AIRES,LAPRIDA,64
REPÚBLICA ARGENTINA,BUENOS AIRES,LAS FLORES,65
REPÚBLICA ARGENTINA,BUENOS AIRES,LEANDRO N. ALEM,66
REPÚBLICA ARGENTINA,BUENOS AIRES,LINCOLN,67
REPÚBLICA ARGENTINA,BUENOS AIRES,LOBERIA,68
REPÚBLICA ARGENTINA,BUENOS AIRES,LOBOS,69
REPÚBLICA ARGENTINA,BUENOS AIRES,LUJAN,70
REPÚBLICA ARGENTINA,BUENOS AIRES,MAGDALENA,71
REPÚBLICA ARGENTINA,BUENOS AIRES,MAIPU,72
REPÚBLICA ARGENTINA,BUENOS AIRES,MAR CHIQUITA,73
REPÚBLICA ARGENTINA,BUENOS AIRES,MARCOS PAZ,74
REPÚBLICA ARGENTINA,BUENOS AIRES,MERCEDES,75
REPÚBLICA ARGENTINA,BUENOS AIRES,MERLO,76
REPÚBLICA ARGENTINA,BUENOS AIRES,MONTE,77
REPÚBLICA ARGENTINA,BUENOS AIRES,MORENO,78
REPÚBLICA ARGENTINA,BUENOS AIRES,MORON,79
REPÚBLICA ARGENTINA,BUENOS AIRES,NAVARRO,80
REPÚBLICA ARGENTINA,BUENOS AIRES,NECOCHEA,81
REPÚBLICA ARGENTINA,BUENOS AIRES,OLAVARRIA,82
REPÚBLICA ARGENTINA,BUENOS AIRES,PATAGONES,83
REPÚBLICA ARGENTINA,BUENOS AIRES,PEHUAJO,84
REPÚBLICA ARGENTINA,BUENOS AIRES,PELLEGRINI,85
REPÚBLICA ARGENTINA,BUENOS AIRES,PERGAMINO,86
REPÚBLICA ARGENTINA,BUENOS AIRES,PILA,87
REPÚBLICA ARGENTINA,BUENOS AIRES,PILAR,88
REPÚBLICA ARGENTINA,BUENOS AIRES,PUAN,89
REPÚBLICA ARGENTINA,BUENOS AIRES,PUNTA INDIO,90
REPÚBLICA ARGENTINA,BUENOS AIRES,QUILMES,91
REPÚBLICA ARGENTINA,BUENOS AIRES,RAMALLO,92
REPÚBLICA ARGENTINA,BUENOS AIRES,RAUCH,93
REPÚBLICA ARGENTINA,BUENOS AIRES,RIVADAVIA,94
REPÚBLICA ARGENTINA,BUENOS AIRES,ROJAS,95
REPÚBLICA ARGENTINA,BUENOS AIRES,ROQUE PEREZ,96
REPÚBLICA ARGENTINA,BUENOS AIRES,SAAVEDRA,97
REPÚBLICA ARGENTINA,BUENOS AIRES,SALADILLO,98
REPÚBLICA ARGENTINA,BUENOS AIRES,SALLIQUELO,99
REPÚBLICA ARGENTINA,BUENOS AIRES,SALTO,100
REPÚBLICA ARGENTINA,BUENOS AIRES,SAN ANDRES DE GILES,101
REPÚBLICA ARGENTINA,BUENOS AIRES,SAN ANTONIO DE ARECO,102
REPÚBLICA ARGENTINA,BUENOS AIRES,SAN CAYETANO,103
REPÚBLICA ARGENTINA,BUENOS AIRES,SAN FERNANDO,104
REPÚBLICA ARGENTINA,BUENOS AIRES,SAN ISIDRO,105
REPÚBLICA ARGENTINA,BUENOS AIRES,SAN NICOLAS,106
REPÚBLICA ARGENTINA,BUENOS AIRES,SAN PEDRO,107
REPÚBLICA ARGENTINA,BUENOS AIRES,SAN VICENTE,108
REPÚBLICA ARGENTINA,BUENOS AIRES,SIN DEFINIR,109
REPÚBLICA ARGENTINA,BUENOS AIRES,SUIPACHA,110
REPÚBLICA ARGENTINA,BUENOS AIRES,TANDIL,111
REPÚBLICA ARGENTINA,BUENOS AIRES,TAPALQUE,112
REPÚBLICA ARGENTINA,BUENOS AIRES,TORDILLO,113
REPÚBLICA ARGENTINA,BUENOS AIRES,TORNQUIST,114
REPÚBLICA ARGENTINA,BUENOS AIRES,TRENQUE LAUQUEN,115
REPÚBLICA ARGENTINA,BUENOS AIRES,TRES ARROYOS,116
REPÚBLICA ARGENTINA,BUENOS AIRES,TRES DE FEBRERO,117
REPÚBLICA ARGENTINA,BUENOS AIRES,TRES LOMAS,118
REPÚBLICA ARGENTINA,BUENOS AIRES,VILLARINO,119
REPÚBLICA ARGENTINA,BUENOS AIRES,ZARATE,120
REPÚBLICA ARGENTINA,CATAMARCA,AMBATO,121
REPÚBLICA ARGENTINA,CATAMARCA,ANCASTI,122
REPÚBLICA ARGENTINA,CATAMARCA,ANDALGALA,123
REPÚBLICA ARGENTINA,CATAMARCA,ANTOFAGASTA DE LA SIERRA,124
REPÚBLICA ARGENTINA,CATAMARCA,BELEN,125
REPÚBLICA ARGENTINA,CATAMARCA,CAPAYAN,126
REPÚBLICA ARGENTINA,CATAMARCA,CAPITAL,127
REPÚBLICA ARGENTINA,CATAMARCA,EL ALTO,128
REPÚBLICA ARGENTINA,CATAMARCA,FRAY MAMERTO ESQUIU,129
REPÚBLICA ARGENTINA,CATAMARCA,LA PAZ,130
REPÚBLICA ARGENTINA,CATAMARCA,PACLIN,131
REPÚBLICA ARGENTINA,CATAMARCA,POMAN,132
REPÚBLICA ARGENTINA,CATAMARCA,SANTA MARIA,133
REPÚBLICA ARGENTINA,CATAMARCA,SANTA ROSA,134
REPÚBLICA ARGENTINA,CATAMARCA,SIN DEFINIR,135
REPÚBLICA ARGENTINA,CATAMARCA,TINOGASTA,136
REPÚBLICA ARGENTINA,CATAMARCA,VALLE VIEJO,137
REPÚBLICA ARGENTINA,CHACO,1 DE MAYO,138
REPÚBLICA ARGENTINA,CHACO,12 DE OCTUBRE,139
REPÚBLICA ARGENTINA,CHACO,2 DE ABRIL,140
REPÚBLICA ARGENTINA,CHACO,25 DE MAYO,141
REPÚBLICA ARGENTINA,CHACO,9 DE JULIO,142
REPÚBLICA ARGENTINA,CHACO,ALMIRANTE BROWN,143
REPÚBLICA ARGENTINA,CHACO,BERMEJO,144
REPÚBLICA ARGENTINA,CHACO,CHACABUCO,145
REPÚBLICA ARGENTINA,CHACO,COMANDANTE FERNANDEZ,146
REPÚBLICA ARGENTINA,CHACO,FRAY JUSTO SANTA MARIA DE ORO,147
REPÚBLICA ARGENTINA,CHACO,GENERAL BELGRANO,148
REPÚBLICA ARGENTINA,CHACO,GENERAL DONOVAN,149
REPÚBLICA ARGENTINA,CHACO,GENERAL GUEMES,150
REPÚBLICA ARGENTINA,CHACO,INDEPENDENCIA,151
REPÚBLICA ARGENTINA,CHACO,LIBERTAD,152
REPÚBLICA ARGENTINA,CHACO,LIBERTADOR GENERAL SAN MARTIN,153
REPÚBLICA ARGENTINA,CHACO,MAIPU,154
REPÚBLICA ARGENTINA,CHACO,MAYOR LUIS J. FONTANA,155
REPÚBLICA ARGENTINA,CHACO,O'HIGGINS,156
REPÚBLICA ARGENTINA,CHACO,PRESIDENCIA DE LA PLAZA,157
REPÚBLICA ARGENTINA,CHACO,QUITILIPI,158
REPÚBLICA ARGENTINA,CHACO,SAN FERNANDO,159
REPÚBLICA ARGENTINA,CHACO,SAN LORENZO,160
REPÚBLICA ARGENTINA,CHACO,SARGENTO CABRAL,161
REPÚBLICA ARGENTINA,CHACO,SIN DEFINIR,162
REPÚBLICA ARGENTINA,CHACO,TAPENAGA,163
REPÚBLICA ARGENTINA,CHUBUT,BIEDMA,164
REPÚBLICA ARGENTINA,CHUBUT,CUSHAMEN,165
REPÚBLICA ARGENTINA,CHUBUT,ESCALANTE,166
REPÚBLICA ARGENTINA,CHUBUT,FLORENTINO AMEGHINO,167
REPÚBLICA ARGENTINA,CHUBUT,FUTALEUFU,168
REPÚBLICA ARGENTINA,CHUBUT,GAIMAN,169
REPÚBLICA ARGENTINA,CHUBUT,LANGUINEO,170
REPÚBLICA ARGENTINA,CHUBUT,PASO DE INDIOS,171
REPÚBLICA ARGENTINA,CHUBUT,RAWSON,172
REPÚBLICA ARGENTINA,CHUBUT,RIO SENGUER,173
REPÚBLICA ARGENTINA,CHUBUT,SARMIENTO,174
REPÚBLICA ARGENTINA,CHUBUT,SIN DEFINIR,175
REPÚBLICA ARGENTINA,CHUBUT,TEHUELCHES,176
REPÚBLICA ARGENTINA,CHUBUT,TELSEN,177
REPÚBLICA ARGENTINA,CORDOBA,CALAMUCHITA,178
REPÚBLICA ARGENTINA,CORDOBA,CAPITAL,179
REPÚBLICA ARGENTINA,CORDOBA,COLON,180
REPÚBLICA ARGENTINA,CORDOBA,CRUZ DEL EJE,181
REPÚBLICA ARGENTINA,CORDOBA,GENERAL ROCA,182
REPÚBLICA ARGENTINA,CORDOBA,GENERAL SAN MARTIN,183
REPÚBLICA ARGENTINA,CORDOBA,ISCHILIN,184
REPÚBLICA ARGENTINA,CORDOBA,JUAREZ CELMAN,185
REPÚBLICA ARGENTINA,CORDOBA,MARCOS JUAREZ,186
REPÚBLICA ARGENTINA,CORDOBA,MINAS,187
REPÚBLICA ARGENTINA,CORDOBA,POCHO,188
REPÚBLICA ARGENTINA,CORDOBA,PRESIDENTE ROQUE SAENZ PENA,189
REPÚBLICA ARGENTINA,CORDOBA,PUNILLA,190
REPÚBLICA ARGENTINA,CORDOBA,RIO CUARTO,191
REPÚBLICA ARGENTINA,CORDOBA,RIO PRIMERO,192
REPÚBLICA ARGENTINA,CORDOBA,RIO SECO,193
REPÚBLICA ARGENTINA,CORDOBA,RIO SEGUNDO,194
REPÚBLICA ARGENTINA,CORDOBA,SAN ALBERTO,195
REPÚBLICA ARGENTINA,CORDOBA,SAN JAVIER,196
REPÚBLICA ARGENTINA,CORDOBA,SAN JUSTO,197
REPÚBLICA ARGENTINA,CORDOBA,SANTA MARIA,198
REPÚBLICA ARGENTINA,CORDOBA,SIN DEFINIR,199
REPÚBLICA ARGENTINA,CORDOBA,SOBREMONTE,200
REPÚBLICA ARGENTINA,CORDOBA,TERCERO ARRIBA,201
REPÚBLICA ARGENTINA,CORDOBA,TOTORAL,202
REPÚBLICA ARGENTINA,CORDOBA,TULUMBA,203
REPÚBLICA ARGENTINA,CORDOBA,UNION,204
REPÚBLICA ARGENTINA,CORRIENTES,BELLA VISTA,205
REPÚBLICA ARGENTINA,CORRIENTES,BERON DE ASTRADA,206
REPÚBLICA ARGENTINA,CORRIENTES,CAPITAL,207
REPÚBLICA ARGENTINA,CORRIENTES,CONCEPCION,208
REPÚBLICA ARGENTINA,CORRIENTES,CURUZU CUATIA,209
REPÚBLICA ARGENTINA,CORRIENTES,EMPEDRADO,210
REPÚBLICA ARGENTINA,CORRIENTES,ESQUINA,211
REPÚBLICA ARGENTINA,CORRIENTES,GENERAL ALVEAR,212
REPÚBLICA ARGENTINA,CORRIENTES,GENERAL PAZ,213
REPÚBLICA ARGENTINA,CORRIENTES,GOYA,214
REPÚBLICA ARGENTINA,CORRIENTES,ITATI,215
REPÚBLICA ARGENTINA,CORRIENTES,ITUZAINGO,216
REPÚBLICA ARGENTINA,CORRIENTES,LAVALLE,217
REPÚBLICA ARGENTINA,CORRIENTES,MBURUCUYA,218
REPÚBLICA ARGENTINA,CORRIENTES,MERCEDES,219
REPÚBLICA ARGENTINA,CORRIENTES,MONTE CASEROS,220
REPÚBLICA ARGENTINA,CORRIENTES,PASO DE LOS LIBRES,221
REPÚBLICA ARGENTINA,CORRIENTES,SALADAS,222
REPÚBLICA ARGENTINA,CORRIENTES,SAN COSME,223
REPÚBLICA ARGENTINA,CORRIENTES,SAN LUIS DEL PALMAR,224
REPÚBLICA ARGENTINA,CORRIENTES,SAN MARTIN,225
REPÚBLICA ARGENTINA,CORRIENTES,SAN MIGUEL,226
REPÚBLICA ARGENTINA,CORRIENTES,SAN ROQUE,227
REPÚBLICA ARGENTINA,CORRIENTES,SANTO TOME,228
REPÚBLICA ARGENTINA,CORRIENTES,SAUCE,229
REPÚBLICA ARGENTINA,CORRIENTES,SIN DEFINIR,230
REPÚBLICA ARGENTINA,ENTRE RIOS,COLON,231
REPÚBLICA ARGENTINA,ENTRE RIOS,CONCORDIA,232
REPÚBLICA ARGENTINA,ENTRE RIOS,DIAMANTE,233
REPÚBLICA ARGENTINA,ENTRE RIOS,FEDERACION,234
REPÚBLICA ARGENTINA,ENTRE RIOS,FEDERAL,235
REPÚBLICA ARGENTINA,ENTRE RIOS,FELICIANO,236
REPÚBLICA ARGENTINA,ENTRE RIOS,GUALEGUAY,237
REPÚBLICA ARGENTINA,ENTRE RIOS,GUALEGUAYCHU,238
REPÚBLICA ARGENTINA,ENTRE RIOS,LA PAZ,239
REPÚBLICA ARGENTINA,ENTRE RIOS,NOGOYA,240
REPÚBLICA ARGENTINA,ENTRE RIOS,PARANA,241
REPÚBLICA ARGENTINA,ENTRE RIOS,SAN SALVADOR,242
REPÚBLICA ARGENTINA,ENTRE RIOS,SIN DEFINIR,243
REPÚBLICA ARGENTINA,ENTRE RIOS,TALA,244
REPÚBLICA ARGENTINA,ENTRE RIOS,URUGUAY,245
REPÚBLICA ARGENTINA,ENTRE RIOS,VICTORIA,246
REPÚBLICA ARGENTINA,ENTRE RIOS,VILLAGUAY,247
REPÚBLICA ARGENTINA,FORMOSA,BERMEJO,248
REPÚBLICA ARGENTINA,FORMOSA,FORMOSA,249
REPÚBLICA ARGENTINA,FORMOSA,LAISHI,250
REPÚBLICA ARGENTINA,FORMOSA,MATACOS,251
REPÚBLICA ARGENTINA,FORMOSA,PATINO,252
REPÚBLICA ARGENTINA,FORMOSA,PILAGAS,253
REPÚBLICA ARGENTINA,FORMOSA,PILCOMAYO,254
REPÚBLICA ARGENTINA,FORMOSA,PIRANE,255
REPÚBLICA ARGENTINA,FORMOSA,SIN DEFINIR,256
REPÚBLICA ARGENTINA,JUJUY,COCHINOCA,257
REPÚBLICA ARGENTINA,JUJUY,DR. MANUEL BELGRANO,258
REPÚBLICA ARGENTINA,JUJUY,EL CARMEN,259
REPÚBLICA ARGENTINA,JUJUY,HUMAHUACA,260
REPÚBLICA ARGENTINA,JUJUY,LEDESMA,261
REPÚBLICA ARGENTINA,JUJUY,PALPALA,262
REPÚBLICA ARGENTINA,JUJUY,RINCONADA,263
REPÚBLICA ARGENTINA,JUJUY,SAN ANTONIO,264
REPÚBLICA ARGENTINA,JUJUY,SAN PEDRO,265
REPÚBLICA ARGENTINA,JUJUY,SANTA BARBARA,266
REPÚBLICA ARGENTINA,JUJUY,SANTA CATALINA,267
REPÚBLICA ARGENTINA,JUJUY,SIN DEFINIR,268
REPÚBLICA ARGENTINA,JUJUY,SUSQUES,269
REPÚBLICA ARGENTINA,JUJUY,TILCARA,270
REPÚBLICA ARGENTINA,JUJUY,TUMBAYA,271
REPÚBLICA ARGENTINA,JUJUY,VALLE GRANDE,272
REPÚBLICA ARGENTINA,JUJUY,YAVI,273
REPÚBLICA ARGENTINA,LA PAMPA,ATREUCO,274
REPÚBLICA ARGENTINA,LA PAMPA,CALEU CALEU,275
REPÚBLICA ARGENTINA,LA PAMPA,CAPITAL,276
REPÚBLICA ARGENTINA,LA PAMPA,CATRILO,277
REPÚBLICA ARGENTINA,LA PAMPA,CHALILEO,278
REPÚBLICA ARGENTINA,LA PAMPA,CHAPALEUFU,279
REPÚBLICA ARGENTINA,LA PAMPA,CONHELO,280
REPÚBLICA ARGENTINA,LA PAMPA,CURACO,281
REPÚBLICA ARGENTINA,LA PAMPA,GUATRACHE,282
REPÚBLICA ARGENTINA,LA PAMPA,HUCAL,283
REPÚBLICA ARGENTINA,LA PAMPA,LIHUEL CALEL,284
REPÚBLICA ARGENTINA,LA PAMPA,LIMAY MAHUIDA,285
REPÚBLICA ARGENTINA,LA PAMPA,LOVENTUE,286
REPÚBLICA ARGENTINA,LA PAMPA,MARACO,287
REPÚBLICA ARGENTINA,LA PAMPA,PUELEN,288
REPÚBLICA ARGENTINA,LA PAMPA,QUEMU QUEMU,289
REPÚBLICA ARGENTINA,LA PAMPA,RANCUL,290
REPÚBLICA ARGENTINA,LA PAMPA,REALICO,291
REPÚBLICA ARGENTINA,LA PAMPA,SIN DEFINIR,292
REPÚBLICA ARGENTINA,LA PAMPA,TOAY,293
REPÚBLICA ARGENTINA,LA PAMPA,TRENEL,294
REPÚBLICA ARGENTINA,LA PAMPA,UTRACAN,295
REPÚBLICA ARGENTINA,LA RIOJA,ARAUCO,296
REPÚBLICA ARGENTINA,LA RIOJA,CAPITAL,297
REPÚBLICA ARGENTINA,LA RIOJA,CASTRO BARROS,298
REPÚBLICA ARGENTINA,LA RIOJA,CHAMICAL,299
REPÚBLICA ARGENTINA,LA RIOJA,CHILECITO,300
REPÚBLICA ARGENTINA,LA RIOJA,FAMATINA,301
REPÚBLICA ARGENTINA,LA RIOJA,GENERAL ANGEL V. PENALOZA,302
REPÚBLICA ARGENTINA,LA RIOJA,GENERAL BELGRANO,303
REPÚBLICA ARGENTINA,LA RIOJA,GENERAL JUAN F. QUIROGA,304
REPÚBLICA ARGENTINA,LA RIOJA,GENERAL LAMADRID,305
REPÚBLICA ARGENTINA,LA RIOJA,GENERAL OCAMPO,306
REPÚBLICA ARGENTINA,LA RIOJA,INDEPENDENCIA,307
REPÚBLICA ARGENTINA,LA RIOJA,ROSARIO VERA PENALOZA,308
REPÚBLICA ARGENTINA,LA RIOJA,SAN BLAS DE LOS SAUCES,309
REPÚBLICA ARGENTINA,LA RIOJA,SANAGASTA,310
REPÚBLICA ARGENTINA,LA RIOJA,SIN DEFINIR,311
REPÚBLICA ARGENTINA,MENDOZA,CAPITAL,312
REPÚBLICA ARGENTINA,MENDOZA,GENERAL ALVEAR,313
REPÚBLICA ARGENTINA,MENDOZA,GODOY CRUZ,314
REPÚBLICA ARGENTINA,MENDOZA,GUAYMALLEN,315
REPÚBLICA ARGENTINA,MENDOZA,JUNIN,316
REPÚBLICA ARGENTINA,MENDOZA,LA PAZ,317
REPÚBLICA ARGENTINA,MENDOZA,LAS HERAS,318
REPÚBLICA ARGENTINA,MENDOZA,LAVALLE,319
REPÚBLICA ARGENTINA,MENDOZA,LUJAN DE CUYO,320
REPÚBLICA ARGENTINA,MENDOZA,MAIPU,321
REPÚBLICA ARGENTINA,MENDOZA,MALARGUE,322
REPÚBLICA ARGENTINA,MENDOZA,RIVADAVIA,323
REPÚBLICA ARGENTINA,MENDOZA,SAN CARLOS,324
REPÚBLICA ARGENTINA,MENDOZA,SAN MARTIN,325
REPÚBLICA ARGENTINA,MENDOZA,SAN RAFAEL,326
REPÚBLICA ARGENTINA,MENDOZA,SANTA ROSA,327
REPÚBLICA ARGENTINA,MENDOZA,SIN DEFINIR,328
REPÚBLICA ARGENTINA,MENDOZA,TUNUYAN,329
REPÚBLICA ARGENTINA,MENDOZA,TUPUNGATO,330
REPÚBLICA ARGENTINA,MISIONES,25 DE MAYO,331
REPÚBLICA ARGENTINA,MISIONES,APOSTOLES,332
REPÚBLICA ARGENTINA,MISIONES,CAINGUAS,333
REPÚBLICA ARGENTINA,MISIONES,CANDELARIA,334
REPÚBLICA ARGENTINA,MISIONES,CAPITAL,335
REPÚBLICA ARGENTINA,MISIONES,CONCEPCION,336
REPÚBLICA ARGENTINA,MISIONES,ELDORADO,337
REPÚBLICA ARGENTINA,MISIONES,GENERAL MANUEL BELGRANO,338
REPÚBLICA ARGENTINA,MISIONES,GUARANI,339
REPÚBLICA ARGENTINA,MISIONES,IGUAZU,340
REPÚBLICA ARGENTINA,MISIONES,LEANDRO N. ALEM,341
REPÚBLICA ARGENTINA,MISIONES,LIBERTADOR GENERAL SAN MARTIN,342
REPÚBLICA ARGENTINA,MISIONES,MONTECARLO,343
REPÚBLICA ARGENTINA,MISIONES,OBERA,344
REPÚBLICA ARGENTINA,MISIONES,SAN IGNACIO,345
REPÚBLICA ARGENTINA,MISIONES,SAN JAVIER,346
REPÚBLICA ARGENTINA,MISIONES,SAN PEDRO,347
REPÚBLICA ARGENTINA,MISIONES,SIN DEFINIR,348
REPÚBLICA ARGENTINA,NEUQUEN,ALUMINE,349
REPÚBLICA ARGENTINA,NEUQUEN,ANELO,350
REPÚBLICA ARGENTINA,NEUQUEN,CHOS  MALAL,351
REPÚBLICA ARGENTINA,NEUQUEN,COLLON CURA,352
REPÚBLICA ARGENTINA,NEUQUEN,CONFLUENCIA,353
REPÚBLICA ARGENTINA,NEUQUEN,HUILICHES,354
REPÚBLICA ARGENTINA,NEUQUEN,LACAR,355
REPÚBLICA ARGENTINA,NEUQUEN,LONCOPUE,356
REPÚBLICA ARGENTINA,NEUQUEN,LOS LAGOS,357
REPÚBLICA ARGENTINA,NEUQUEN,MINAS,358
REPÚBLICA ARGENTINA,NEUQUEN,NORQUIN,359
REPÚBLICA ARGENTINA,NEUQUEN,PEHUENCHES,360
REPÚBLICA ARGENTINA,NEUQUEN,PICUN LEUFU,361
REPÚBLICA ARGENTINA,NEUQUEN,PICUNCHES,362
REPÚBLICA ARGENTINA,NEUQUEN,SIN DEFINIR,363
REPÚBLICA ARGENTINA,NEUQUEN,ZAPALA,364
REPÚBLICA ARGENTINA,RIO NEGRO,9 DE JULIO,365
REPÚBLICA ARGENTINA,RIO NEGRO,ADOLFO ALSINA,366
REPÚBLICA ARGENTINA,RIO NEGRO,AVELLANEDA,367
REPÚBLICA ARGENTINA,RIO NEGRO,BARILOCHE,368
REPÚBLICA ARGENTINA,RIO NEGRO,CONESA,369
REPÚBLICA ARGENTINA,RIO NEGRO,EL CUY,370
REPÚBLICA ARGENTINA,RIO NEGRO,GENERAL ROCA,371
REPÚBLICA ARGENTINA,RIO NEGRO,NORQUINCO,372
REPÚBLICA ARGENTINA,RIO NEGRO,PICHI MAHUIDA,373
REPÚBLICA ARGENTINA,RIO NEGRO,PILCANIYEU,374
REPÚBLICA ARGENTINA,RIO NEGRO,SAN ANTONIO,375
REPÚBLICA ARGENTINA,RIO NEGRO,SIN DEFINIR,376
REPÚBLICA ARGENTINA,RIO NEGRO,VALCHETA,377
REPÚBLICA ARGENTINA,SALTA,ANTA,378
REPÚBLICA ARGENTINA,SALTA,CACHI,379
REPÚBLICA ARGENTINA,SALTA,CAFAYATE,380
REPÚBLICA ARGENTINA,SALTA,CAPITAL,381
REPÚBLICA ARGENTINA,SALTA,CERRILLOS,382
REPÚBLICA ARGENTINA,SALTA,CHICOANA,383
REPÚBLICA ARGENTINA,SALTA,GENERAL GUEMES,384
REPÚBLICA ARGENTINA,SALTA,GENERAL JOSE DE SAN MARTIN,385
REPÚBLICA ARGENTINA,SALTA,GUACHIPAS,386
REPÚBLICA ARGENTINA,SALTA,IRUYA,387
REPÚBLICA ARGENTINA,SALTA,LA CALDERA,388
REPÚBLICA ARGENTINA,SALTA,LA CANDELARIA,389
REPÚBLICA ARGENTINA,SALTA,LA POMA,390
REPÚBLICA ARGENTINA,SALTA,LA VINA,391
REPÚBLICA ARGENTINA,SALTA,LOS ANDES,392
REPÚBLICA ARGENTINA,SALTA,METAN,393
REPÚBLICA ARGENTINA,SALTA,MOLINOS,394
REPÚBLICA ARGENTINA,SALTA,ORAN,395
REPÚBLICA ARGENTINA,SALTA,RIVADAVIA,396
REPÚBLICA ARGENTINA,SALTA,ROSARIO DE LA FRONTERA,397
REPÚBLICA ARGENTINA,SALTA,ROSARIO DE LERMA,398
REPÚBLICA ARGENTINA,SALTA,SAN CARLOS,399
REPÚBLICA ARGENTINA,SALTA,SANTA VICTORIA,400
REPÚBLICA ARGENTINA,SALTA,SIN DEFINIR,401
REPÚBLICA ARGENTINA,SAN JUAN,25 DE MAYO,402
REPÚBLICA ARGENTINA,SAN JUAN,9 DE JULIO,403
REPÚBLICA ARGENTINA,SAN JUAN,ALBARDON,404
REPÚBLICA ARGENTINA,SAN JUAN,ANGACO,405
REPÚBLICA ARGENTINA,SAN JUAN,CALINGASTA,406
REPÚBLICA ARGENTINA,SAN JUAN,CAPITAL,407
REPÚBLICA ARGENTINA,SAN JUAN,CAUCETE,408
REPÚBLICA ARGENTINA,SAN JUAN,CHIMBAS,409
REPÚBLICA ARGENTINA,SAN JUAN,IGLESIA,410
REPÚBLICA ARGENTINA,SAN JUAN,JACHAL,411
REPÚBLICA ARGENTINA,SAN JUAN,POCITO,412
REPÚBLICA ARGENTINA,SAN JUAN,RAWSON,413
REPÚBLICA ARGENTINA,SAN JUAN,RIVADAVIA,414
REPÚBLICA ARGENTINA,SAN JUAN,SAN MARTIN,415
REPÚBLICA ARGENTINA,SAN JUAN,SANTA LUCIA,416
REPÚBLICA ARGENTINA,SAN JUAN,SARMIENTO,417
REPÚBLICA ARGENTINA,SAN JUAN,SIN DEFINIR,418
REPÚBLICA ARGENTINA,SAN JUAN,ULLUM,419
REPÚBLICA ARGENTINA,SAN JUAN,VALLE FERTIL,420
REPÚBLICA ARGENTINA,SAN JUAN,ZONDA,421
REPÚBLICA ARGENTINA,SAN LUIS,AYACUCHO,422
REPÚBLICA ARGENTINA,SAN LUIS,BELGRANO,423
REPÚBLICA ARGENTINA,SAN LUIS,CHACABUCO,424
REPÚBLICA ARGENTINA,SAN LUIS,CORONEL PRINGLES,425
REPÚBLICA ARGENTINA,SAN LUIS,GENERAL PEDERNERA,426
REPÚBLICA ARGENTINA,SAN LUIS,GOBERNADOR DUPUY,427
REPÚBLICA ARGENTINA,SAN LUIS,JUAN MARTIN DE PUEYRREDON,428
REPÚBLICA ARGENTINA,SAN LUIS,JUNIN,429
REPÚBLICA ARGENTINA,SAN LUIS,LIBERTADOR GENERAL SAN MARTIN,430
REPÚBLICA ARGENTINA,SAN LUIS,SIN DEFINIR,431
REPÚBLICA ARGENTINA,SANTA CRUZ,CORPEN AIKE,432
REPÚBLICA ARGENTINA,SANTA CRUZ,DESEADO,433
REPÚBLICA ARGENTINA,SANTA CRUZ,GUER AIKE,434
REPÚBLICA ARGENTINA,SANTA CRUZ,LAGO ARGENTINO,435
REPÚBLICA ARGENTINA,SANTA CRUZ,LAGO BUENOS AIRES,436
REPÚBLICA ARGENTINA,SANTA CRUZ,MAGALLANES,437
REPÚBLICA ARGENTINA,SANTA CRUZ,RIO CHICO,438
REPÚBLICA ARGENTINA,SANTA CRUZ,SIN DEFINIR,439
REPÚBLICA ARGENTINA,SANTA FE,9 DE JULIO,440
REPÚBLICA ARGENTINA,SANTA FE,BELGRANO,441
REPÚBLICA ARGENTINA,SANTA FE,CASEROS,442
REPÚBLICA ARGENTINA,SANTA FE,CASTELLANOS,443
REPÚBLICA ARGENTINA,SANTA FE,CONSTITUCION,444
REPÚBLICA ARGENTINA,SANTA FE,GARAY,445
REPÚBLICA ARGENTINA,SANTA FE,GENERAL LOPEZ,446
REPÚBLICA ARGENTINA,SANTA FE,GENERAL OBLIGADO,447
REPÚBLICA ARGENTINA,SANTA FE,IRIONDO,448
REPÚBLICA ARGENTINA,SANTA FE,LA CAPITAL,449
REPÚBLICA ARGENTINA,SANTA FE,LAS COLONIAS,450
REPÚBLICA ARGENTINA,SANTA FE,ROSARIO,451
REPÚBLICA ARGENTINA,SANTA FE,SAN CRISTOBAL,452
REPÚBLICA ARGENTINA,SANTA FE,SAN JAVIER,453
REPÚBLICA ARGENTINA,SANTA FE,SAN JERONIMO,454
REPÚBLICA ARGENTINA,SANTA FE,SAN JUSTO,455
REPÚBLICA ARGENTINA,SANTA FE,SAN LORENZO,456
REPÚBLICA ARGENTINA,SANTA FE,SAN MARTIN,457
REPÚBLICA ARGENTINA,SANTA FE,SIN DEFINIR,458
REPÚBLICA ARGENTINA,SANTA FE,VERA,459
REPÚBLICA ARGENTINA,SANTIAGO DEL ESTERO,AGUIRRE,460
REPÚBLICA ARGENTINA,SANTIAGO DEL ESTERO,ALBERDI,461
REPÚBLICA ARGENTINA,SANTIAGO DEL ESTERO,ATAMISQUI,462
REPÚBLICA ARGENTINA,SANTIAGO DEL ESTERO,AVELLANEDA,463
REPÚBLICA ARGENTINA,SANTIAGO DEL ESTERO,BANDA,464
REPÚBLICA ARGENTINA,SANTIAGO DEL ESTERO,BELGRANO,465
REPÚBLICA ARGENTINA,SANTIAGO DEL ESTERO,CAPITAL,466
REPÚBLICA ARGENTINA,SANTIAGO DEL ESTERO,CHOYA,467
REPÚBLICA ARGENTINA,SANTIAGO DEL ESTERO,COPO,468
REPÚBLICA ARGENTINA,SANTIAGO DEL ESTERO,FIGUEROA,469
REPÚBLICA ARGENTINA,SANTIAGO DEL ESTERO,GENERAL TABOADA,470
REPÚBLICA ARGENTINA,SANTIAGO DEL ESTERO,GUASAYAN,471
REPÚBLICA ARGENTINA,SANTIAGO DEL ESTERO,JIMENEZ,472
REPÚBLICA ARGENTINA,SANTIAGO DEL ESTERO,JUAN F. IBARRA,473
REPÚBLICA ARGENTINA,SANTIAGO DEL ESTERO,LORETO,474
REPÚBLICA ARGENTINA,SANTIAGO DEL ESTERO,MITRE,475
REPÚBLICA ARGENTINA,SANTIAGO DEL ESTERO,MORENO,476
REPÚBLICA ARGENTINA,SANTIAGO DEL ESTERO,OJO DE AGUA,477
REPÚBLICA ARGENTINA,SANTIAGO DEL ESTERO,PELLEGRINI,478
REPÚBLICA ARGENTINA,SANTIAGO DEL ESTERO,QUEBRACHOS,479
REPÚBLICA ARGENTINA,SANTIAGO DEL ESTERO,RIO HONDO,480
REPÚBLICA ARGENTINA,SANTIAGO DEL ESTERO,RIVADAVIA,481
REPÚBLICA ARGENTINA,SANTIAGO DEL ESTERO,ROBLES,482
REPÚBLICA ARGENTINA,SANTIAGO DEL ESTERO,SALAVINA,483
REPÚBLICA ARGENTINA,SANTIAGO DEL ESTERO,SAN MARTIN,484
REPÚBLICA ARGENTINA,SANTIAGO DEL ESTERO,SARMIENTO,485
REPÚBLICA ARGENTINA,SANTIAGO DEL ESTERO,SILIPICA,486
REPÚBLICA ARGENTINA,SANTIAGO DEL ESTERO,SIN DEFINIR,487
REPÚBLICA ARGENTINA,TIERRA DEL FUEGO,RIO GRANDE,488
REPÚBLICA ARGENTINA,TIERRA DEL FUEGO,SIN DEFINIR,489
REPÚBLICA ARGENTINA,TIERRA DEL FUEGO,USHUAIA,490
REPÚBLICA ARGENTINA,TUCUMAN,BURRUYACU,491
REPÚBLICA ARGENTINA,TUCUMAN,CAPITAL,492
REPÚBLICA ARGENTINA,TUCUMAN,CHICLIGASTA,493
REPÚBLICA ARGENTINA,TUCUMAN,CRUZ ALTA,494
REPÚBLICA ARGENTINA,TUCUMAN,FAMAILLA,495
REPÚBLICA ARGENTINA,TUCUMAN,GRANEROS,496
REPÚBLICA ARGENTINA,TUCUMAN,JUAN B. ALBERDI,497
REPÚBLICA ARGENTINA,TUCUMAN,LA COCHA,498
REPÚBLICA ARGENTINA,TUCUMAN,LEALES,499
REPÚBLICA ARGENTINA,TUCUMAN,LULES,500
REPÚBLICA ARGENTINA,TUCUMAN,MONTEROS,501
REPÚBLICA ARGENTINA,TUCUMAN,RIO CHICO,502
REPÚBLICA ARGENTINA,TUCUMAN,SIMOCA,503
REPÚBLICA ARGENTINA,TUCUMAN,SIN DEFINIR,504
REPÚBLICA ARGENTINA,TUCUMAN,TAFI DEL VALLE,505
REPÚBLICA ARGENTINA,TUCUMAN,TAFI VIEJO,506
REPÚBLICA ARGENTINA,TUCUMAN,TRANCAS,507
REPÚBLICA ARGENTINA,TUCUMAN,YERBA BUENA,508